ID,Won_Championship
1,0
5,1
6,0
7,1
9,1
11,1
14,0
26,1
39,0
56,0
61,0
68,1
72,1
74,1
75,1
77,0
78,1
83,0
84,0
86,1
89,1
91,0
99,0
104,1
106,1
107,1
108,0
110,1
113,1
114,1
119,1
122,0
123,1
126,1
132,1
135,1
139,0
140,0
142,1
143,1
144,1
145,1
149,1
150,1
151,1
152,0
153,1
154,0
156,1
157,1
158,1
162,1
163,0
164,0
171,0
172,0
174,1
180,1
182,1
186,1
190,0
193,1
197,0
200,0
207,1
210,0
212,1
213,1
215,0
216,1
220,1
223,0
225,1
226,1
229,1
234,0
236,1
239,1
240,1
244,1
245,1
248,0
250,0
254,0
255,0
256,1
263,1
264,0
265,1
266,1
267,1
270,1
271,1
272,1
273,0
274,0
275,1
277,0
280,1
281,1
282,0
284,1
286,1
288,0
293,0
295,1
296,0
299,1
301,0
305,0
309,1
310,0
311,1
315,0
320,1
323,0
329,1
332,1
334,1
335,0
336,1
338,1
339,0
340,1
341,0
342,1
345,1
346,0
347,1
348,0
352,1
355,0
358,0
360,1
361,1
366,0
367,1
370,1
374,0
375,0
377,1
379,0
381,1
383,1
386,1
387,1
389,0
393,1
394,0
397,0
400,0
408,1
409,1
410,1
418,1
425,1
430,0
434,0
438,1
439,1
440,0
441,0
446,1
452,1
456,1
461,1
462,1
465,1
468,1
473,1
474,1
477,1
478,0
480,1
482,1
484,1
486,0
487,1
488,1
489,0
493,1
496,1
497,1
498,1
499,0
504,0
506,1
510,1
511,1
513,0
516,1
527,1
529,1
530,1
532,0
537,0
542,0
547,1
548,1
549,1
555,0
557,1
558,0
563,1
565,1
568,0
574,1
580,1
582,1
583,1
589,1
591,1
592,1
595,0
596,1
600,1
605,0
606,0
607,0
609,1
612,1
613,1
617,1
620,0
622,0
624,0
627,0
628,1
630,1
631,1
632,1
633,1
635,1
636,1
637,0
638,1
639,0
641,1
642,0
644,1
647,1
648,1
659,1
660,1
663,1
666,0
668,1
670,0
677,1
681,0
682,0
684,0
685,0
689,0
694,0
695,1
697,1
699,1
706,1
707,1
713,1
714,1
716,0
727,1
729,1
732,1
735,1
736,1
739,0
740,0
741,1
745,1
748,0
753,1
756,1
759,0
760,1
765,1
767,1
770,1
771,0
774,1
779,1
780,1
782,1
788,1
790,1
795,1
796,0
798,1
802,0
804,0
805,0
806,1
809,1
812,1
816,0
822,1
823,1
825,1
827,0
829,0
832,1
837,0
842,1
843,1
844,1
846,1
848,1
849,1
852,0
853,1
857,0
861,0
862,0
865,0
866,0
870,0
875,1
876,0
877,0
878,0
879,0
881,1
882,0
887,1
890,1
891,1
897,1
898,1
901,1
903,0
906,1
908,1
909,1
911,0
913,0
916,0
917,1
920,1
924,0
928,1
929,1
933,0
938,0
947,0
948,1
949,0
950,1
951,1
952,0
953,1
954,1
955,0
956,0
961,0
968,1
969,0
970,1
977,0
982,0
993,1
994,0
998,1
1001,0
1002,0
1007,1
1011,1
1013,1
1016,0
1017,0
1018,1
1024,0
1027,1
1030,0
1034,1
1036,0
1037,0
1041,1
1044,0
1046,1
1047,0
1048,0
1049,0
1052,1
1059,0
1061,1
1063,0
1065,0
1071,0
1078,0
1080,1
1083,0
1085,0
1091,1
1092,0
1097,0
1100,1
1103,0
1104,1
1105,1
1106,0
1110,0
1115,0
1118,0
1119,0
1121,1
1123,0
1127,1
1128,0
1130,1
1132,0
1134,0
1135,0
1141,1
1144,0
1148,0
1150,0
1151,0
1157,1
1165,1
1167,1
1170,1
1171,0
1177,0
1181,0
1183,1
1189,1
1193,1
1197,0
1200,1
1205,0
1206,0
1208,1
1215,1
1217,1
1218,1
1220,1
1223,0
1224,0
1225,1
1226,1
1229,1
1232,1
1240,0
1242,0
1244,1
1246,1
1252,1
1253,1
1254,0
1255,0
1256,1
1260,0
1261,1
1264,1
1266,0
1268,0
1271,1
1275,1
1276,1
1280,1
1281,1
1282,1
1288,0
1289,0
1290,0
1294,1
1304,1
1306,0
1309,0
1311,1
1315,1
1316,1
1321,1
1322,0
1332,1
1336,1
1342,0
1345,0
1347,1
1350,1
1351,0
1354,1
1355,1
1356,1
1357,1
1359,1
1361,1
1363,1
1365,0
1369,1
1370,0
1371,0
1373,1
1376,1
1378,1
1379,0
1380,0
1382,1
1384,1
1391,0
1393,0
1394,0
1398,1
1399,0
1400,0
1401,1
1404,0
1405,1
1410,1
1414,1
1418,1
1419,1
1421,1
1431,0
1437,1
1453,0
1460,1
1464,1
1469,1
1471,1
1473,0
1475,1
1479,0
1483,1
1489,0
1493,1
1498,1
1502,0
1504,1
1508,1
1511,1
1513,1
1518,1
1520,1
1526,1
1529,1
1539,0
1543,1
1546,0
1548,1
1550,0
1552,0
1560,1
1563,1
1571,1
1572,1
1573,0
1577,1
1578,1
1581,1
1583,1
1587,1
1588,0
1589,1
1590,1
1592,0
1594,0
1596,0
1600,1
1601,1
1602,1
1604,1
1605,0
1607,0
1608,1
1610,1
1617,1
1632,1
1634,0
1641,1
1642,0
1643,1
1644,1
1648,0
1658,0
1659,0
1663,0
1664,1
1667,0
1668,1
1669,1
1673,1
1674,1
1676,1
1680,1
1682,1
1686,0
1687,1
1694,0
1696,1
1698,0
1706,1
1707,1
1708,1
1710,1
1711,1
1712,1
1717,1
1718,1
1720,1
1722,0
1733,1
1734,0
1739,0
1742,1
1747,0
1748,1
1751,0
1752,1
1753,1
1759,1
1766,0
1768,0
1770,1
1775,1
1777,1
1778,0
1779,1
1780,1
1781,1
1782,1
1786,1
1788,1
1795,1
1796,0
1798,0
1799,1
1804,1
1806,1
1811,1
1812,1
1823,1
1824,1
1829,1
1838,0
1839,1
1840,0
1847,1
1848,1
1849,1
1858,1
1861,1
1863,1
1864,1
1865,0
1866,0
1867,0
1868,0
1872,1
1874,1
1876,1
1880,0
1883,0
1890,1
1891,1
1892,0
1897,0
1898,0
1899,0
1900,0
1908,1
1909,1
1914,0
1916,0
1920,1
1921,0
1922,0
1937,1
1938,1
1939,1
1942,0
1951,0
1958,0
1961,1
1962,1
1964,0
1965,0
1974,0
1984,1
1988,1
1991,1
1992,0
1993,1
1994,1
1996,0
2001,1
2002,1
2007,0
2008,1
2013,0
2016,1
2030,1
2033,1
2035,1
2036,1
2038,1
2041,1
2050,1
2052,1
2053,0
2062,0
2063,0
2064,1
2068,0
2072,0
2074,0
2076,0
2077,0
2078,0
2079,0
2081,0
2082,1
2086,0
2091,0
2095,1
2104,1
2110,1
2112,0
2113,0
2114,1
2121,0
2123,0
2126,1
2127,1
2130,1
2135,1
2138,0
2142,0
2144,0
2146,1
2147,1
2149,0
2151,1
2152,1
2155,0
2158,0
2166,1
2167,1
2174,0
2175,0
2178,1
2179,1
2185,0
2186,1
2187,0
2189,0
2193,1
2197,1
2199,0
2203,1
2204,0
2205,1
2207,0
2210,0
2215,1
2216,1
2217,1
2218,1
2221,1
2225,0
2228,0
2231,1
2233,1
2236,1
2237,1
2241,0
2253,1
2254,0
2261,0
2263,1
2264,1
2265,1
2268,1
2270,0
2272,1
2273,1
2276,0
2278,1
2279,1
2282,1
2284,1
2286,0
2287,0
2292,0
2296,0
2297,1
2298,1
2302,0
2303,0
2304,0
2309,1
2310,1
2314,1
2316,1
2320,1
2327,1
2328,1
2332,1
2334,1
2335,0
2339,0
2340,1
2341,1
2349,0
2353,0
2355,0
2357,1
2359,1
2364,0
2366,0
2373,1
2374,0
2381,1
2382,0
2383,1
2390,1
2391,1
2392,1
2401,1
2403,1
2408,0
2409,1
2410,0
2412,1
2415,0
2416,1
2423,1
2426,0
2431,1
2432,1
2434,1
2437,1
2438,1
2439,0
2440,0
2441,1
2445,0
2450,1
2452,0
2455,0
2460,1
2462,0
2463,0
2467,1
2472,0
2480,0
2486,1
2487,1
2488,1
2492,1
2493,1
2503,0
2505,1
2509,1
2512,1
2513,1
2516,0
2517,1
2519,1
2520,0
2521,1
2523,0
2525,1
2526,0
2528,1
2530,1
2533,1
2535,1
2539,0
2540,1
2541,0
2545,1
2546,1
2552,0
2554,0
2555,1
2557,1
2566,1
2568,0
2571,1
2575,1
2580,1
2582,1
2584,0
2590,1
2593,1
2594,0
2598,1
2600,1
2603,0
2607,1
2613,0
2617,0
2618,0
2620,1
2623,1
2630,1
2631,1
2637,1
2638,0
2642,0
2648,1
2649,0
2660,0
2663,0
2665,1
2666,1
2668,1
2669,1
2672,1
2675,1
2676,0
2678,1
2686,1
2690,1
2691,1
2692,0
2697,1
2707,1
2709,1
2711,1
2718,1
2722,1
2726,1
2727,1
2728,1
2729,1
2730,1
2733,1
2736,1
2737,0
2739,1
2741,0
2747,0
2751,1
2753,1
2754,1
2764,1
2774,0
2775,1
2778,0
2779,1
2781,1
2782,1
2784,1
2785,0
2787,1
2790,1
2798,0
2802,1
2803,1
2805,1
2808,1
2814,0
2816,1
2818,1
2820,1
2822,0
2826,0
2829,0
2831,0
2832,1
2833,0
2834,0
2835,0
2838,1
2845,0
2846,0
2849,0
2851,1
2853,0
2854,0
2855,1
2858,0
2860,1
2862,0
2863,1
2866,1
2867,1
2870,0
2872,1
2875,1
2876,1
2883,0
2888,0
2889,0
2895,1
2901,0
2904,0
2905,0
2907,1
2908,0
2912,1
2913,1
2916,1
2917,1
2920,0
2922,0
2923,1
2929,1
2934,1
2935,0
2940,1
2949,1
2951,0
2954,0
2957,1
2963,1
2965,0
2972,1
2976,1
2978,1
2982,0
2983,1
2984,1
2987,1
2988,1
2990,1
2992,1
2998,0
2999,0
3000,1
3008,1
3010,1
3015,1
3022,1
3024,1
3027,1
3028,1
3032,1
3040,1
3042,1
3046,0
3048,1
3049,1
3050,0
3051,1
3052,0
3054,1
3057,0
3064,1
3066,1
3068,1
3071,0
3076,0
3077,1
3089,1
3091,1
3092,0
3094,1
3097,1
3099,0
3100,0
3103,1
3104,1
3105,1
3106,1
3109,0
3110,0
3112,1
3113,0
3115,1
3117,0
3119,1
3124,0
3125,0
3127,0
3129,1
3134,1
3138,1
3141,0
3142,1
3143,1
3147,0
3148,1
3149,1
3153,1
3154,1
3156,1
3157,1
3160,0
3161,0
3165,0
3168,1
3171,1
3172,0
3177,1
3179,1
3180,1
3181,1
3182,1
3184,0
3189,1
3191,0
3194,1
3195,0
3197,0
3201,1
3202,1
3203,0
3207,0
3209,1
3214,1
3217,0
3218,1
3221,0
3225,1
3227,1
3229,0
3230,1
3231,0
3233,0
3235,0
3237,1
3241,1
3249,1
3253,0
3254,1
3259,1
3261,0
3264,1
3271,0
3274,0
3275,1
3276,1
3277,1
3278,1
3279,1
3280,1
3281,1
3284,1
3286,1
3290,1
3293,0
3296,0
3297,0
3298,1
3300,1
3302,1
3304,0
3305,1
3308,0
3312,1
3314,0
3316,1
3318,1
3320,1
3321,1
3323,1
3324,0
3325,1
3327,1
3330,1
3333,1
3334,0
3335,1
3336,1
3339,1
3343,0
3344,1
3346,0
3358,0
3360,1
3365,0
3366,0
3370,1
3374,1
3378,1
3384,0
3389,0
3390,1
3392,1
3393,0
3398,0
3399,1
3402,1
3403,1
3404,0
3406,1
3407,1
3410,0
3418,1
3423,0
3424,1
3428,1
3430,1
3433,1
3436,0
3437,1
3439,1
3445,1
3446,0
3448,0
3449,0
3450,0
3451,1
3452,1
3454,1
3455,1
3457,1
3460,1
3463,0
3464,1
3466,0
3467,1
3472,0
3475,1
3479,1
3482,1
3484,1
3495,0
3496,1
3501,1
3502,0
3503,1
3511,0
3512,1
3518,0
3519,0
3523,0
3526,0
3527,0
3528,0
3533,0
3534,1
3535,1
3536,1
3537,1
3543,0
3546,1
3549,0
3550,0
3557,0
3559,1
3561,1
3569,1
3574,1
3575,1
3578,1
3584,1
3588,0
3592,0
3597,0
3599,1
3603,1
3609,0
3610,1
3611,1
3616,0
3617,0
3620,1
3623,0
3625,1
3626,1
3628,1
3630,1
3632,1
3633,1
3638,0
3639,0
3640,0
3651,0
3652,1
3653,0
3656,1
3657,1
3661,0
3663,1
3672,0
3675,1
3679,0
3680,0
3688,1
3690,1
3693,1
3695,0
3696,0
3697,0
3705,1
3706,0
3711,1
3712,1
3713,1
3720,0
3735,1
3736,0
3741,1
3743,1
3753,0
3755,0
3758,1
3762,1
3766,0
3768,1
3774,1
3778,0
3780,1
3782,1
3784,1
3785,0
3789,1
3794,0
3807,1
3813,1
3826,1
3829,0
3830,0
3833,0
3836,0
3837,1
3841,1
3843,1
3851,0
3855,0
3856,1
3866,0
3873,1
3876,1
3878,0
3879,1
3885,0
3889,1
3892,0
3893,1
3895,1
3897,0
3900,1
3902,0
3904,0
3905,1
3907,1
3908,1
3909,1
3919,1
3921,1
3924,0
3926,1
3927,1
3932,0
3934,1
3940,1
3941,1
3942,0
3945,0
3946,0
3951,1
3953,0
3955,1
3959,1
3960,0
3961,1
3962,0
3964,0
3969,0
3970,0
3971,0
3972,1
3973,0
3977,1
3978,0
3981,1
3985,0
3988,1
3989,0
3992,1
3997,0
3998,0
4002,1
4023,0
4025,1
4026,1
4027,1
4033,1
4036,1
4038,0
4040,0
4044,1
4046,0
4048,1
4049,0
4051,0
4052,1
4054,1
4055,1
4057,1
4059,0
4060,0
4062,0
4067,0
4075,1
4077,0
4085,0
4088,1
4092,0
4094,1
4095,1
4100,0
4101,1
4104,0
4105,1
4106,1
4107,0
4109,1
4110,0
4116,1
4117,1
4119,1
4122,1
4124,0
4126,0
4132,0
4134,1
4135,0
4136,1
4138,1
4139,0
4140,1
4141,0
4145,1
4147,1
4151,1
4154,0
4161,1
4162,0
4163,1
4174,0
4177,1
4178,1
4180,0
4183,1
4189,0
4190,0
4192,0
4195,1
4198,1
4200,0
4201,1
4204,0
4206,1
4207,1
4215,0
4221,0
4222,1
4224,1
4233,1
4235,1
4238,0
4239,1
4241,0
4245,1
4251,0
4252,0
4253,1
4254,1
4257,1
4258,0
4259,0
4260,1
4270,1
4272,0
4276,1
4277,0
4278,0
4279,1
4281,0
4282,1
4286,1
4287,1
4289,0
4291,0
4306,1
4308,0
4309,1
4310,0
4317,1
4319,0
4320,0
4324,1
4329,1
4335,0
4336,1
4338,0
4346,0
4351,1
4355,1
4358,1
4361,0
4362,1
4373,0
4379,1
4381,1
4382,1
4386,0
4389,1
4390,0
4392,1
4394,1
4395,0
4397,1
4400,0
4402,1
4403,0
4407,1
4409,1
4411,1
4420,1
4423,0
4426,0
4427,0
4432,1
4434,1
4435,1
4436,1
4440,1
4441,1
4444,1
4447,1
4452,0
4457,0
4461,1
4464,1
4465,0
4467,1
4468,1
4472,0
4473,0
4477,0
4481,1
4485,1
4486,1
4489,0
4492,1
4497,1
4501,0
4505,0
4507,1
4509,0
4510,1
4515,0
4516,1
4519,1
4521,0
4523,0
4529,1
4530,1
4531,0
4532,0
4537,1
4540,1
4543,0
4544,1
4547,0
4548,1
4549,1
4551,0
4554,1
4556,1
4558,1
4559,0
4566,0
4567,1
4572,0
4573,1
4574,0
4575,0
4576,1
4577,0
4579,0
4582,0
4584,0
4587,0
4593,0
4596,1
4598,1
4603,1
4605,1
4606,1
4608,1
4612,1
4624,0
4625,1
4628,0
4632,0
4634,0
4636,1
4638,1
4640,0
4642,0
4644,1
4647,1
4650,1
4651,1
4652,0
4655,1
4656,1
4657,1
4658,1
4659,1
4661,1
4662,1
4672,1
4674,1
4677,0
4678,1
4680,0
4682,1
4683,1
4686,0
4687,0
4690,1
4695,1
4699,1
4704,1
4708,0
4711,1
4712,1
4714,1
4715,1
4720,0
4722,0
4725,0
4726,1
4729,1
4730,1
4731,1
4732,1
4734,1
4738,1
4744,0
4747,1
4748,1
4749,1
4750,1
4754,1
4755,1
4758,0
4761,1
4762,1
4765,1
4766,0
4768,1
4770,0
4776,0
4778,0
4781,1
4790,0
4792,1
4797,0
4798,0
4799,0
4805,1
4806,1
4808,0
4809,1
4810,0
4814,0
4816,1
4818,1
4820,1
4827,0
4830,1
4835,0
4838,1
4840,1
4845,1
4847,0
4848,0
4861,1
4865,0
4867,1
4872,0
4875,1
4882,0
4884,1
4885,0
4891,0
4898,1
4899,1
4902,1
4904,0
4908,1
4911,1
4912,1
4915,1
4916,1
4917,1
4918,0
4920,0
4921,1
4924,0
4931,1
4933,1
4934,1
4940,0
4942,0
4943,0
4946,0
4948,1
4949,0
4950,1
4954,1
4958,0
4961,1
4962,1
4965,0
4968,1
4972,0
4973,0
4976,0
4978,1
4980,0
4986,1
4987,1
4989,1
4991,1
4995,0
4997,1
4998,0
4999,1
5006,0
5007,0
5008,1
5011,1
5012,0
5015,0
5016,0
5018,0
5020,1
5021,1
5023,1
5024,0
5026,1
5030,1
5031,0
5032,1
5033,1
5034,1
5035,1
5039,1
5041,0
5043,1
5046,0
5049,1
5050,0
5051,0
5052,0
5053,0
5057,1
5061,1
5062,1
5063,1
5064,0
5067,1
5068,0
5071,0
5075,0
5078,0
5080,0
5082,1
5085,0
5089,0
5091,0
5093,0
5095,0
5097,0
5098,0
5100,1
5103,0
5105,1
5106,1
5107,1
5108,0
5117,0
5121,1
5126,1
5132,1
5133,0
5137,1
5138,1
5140,0
5157,0
5158,0
5163,1
5165,1
5167,0
5168,1
5174,1
5175,1
5178,0
5179,1
5181,0
5187,1
5189,1
5190,0
5193,1
5196,1
5198,1
5200,1
5201,0
5204,1
5206,0
5208,1
5212,0
5214,1
5217,0
5219,1
5220,1
5224,0
5228,0
5238,1
5239,1
5241,1
5242,1
5244,0
5247,1
5249,0
5250,0
5253,0
5254,1
5258,0
5270,1
5274,0
5277,0
5278,0
5282,1
5284,1
5287,1
5290,0
5291,1
5293,1
5299,1
5300,1
5303,1
5304,0
5307,1
5311,1
5314,1
5316,1
5318,1
5325,1
5326,0
5327,0
5329,1
5334,1
5340,1
5341,1
5344,0
5346,0
5347,0
5349,0
5353,1
5355,1
5356,0
5357,1
5359,0
5365,1
5366,1
5368,0
5369,0
5370,1
5371,1
5374,0
5378,1
5381,1
5384,0
5387,0
5388,1
5390,1
5391,1
5392,0
5393,0
5394,1
5397,1
5398,0
5404,1
5405,0
5407,1
5408,1
5409,0
5410,1
5415,0
5416,1
5417,1
5418,1
5420,1
5424,1
5427,1
5428,1
5430,0
5433,0
5436,0
5438,0
5440,1
5442,1
5445,1
5457,0
5458,1
5459,1
5460,0
5463,0
5465,0
5470,1
5475,1
5477,1
5478,1
5480,1
5481,1
5483,0
5491,0
5492,0
5493,0
5494,0
5495,0
5497,1
5498,0
5499,0
5501,1
5504,1
5510,1
5513,0
5517,0
5519,1
5522,0
5526,1
5534,0
5537,1
5539,0
5541,0
5544,1
5545,1
5546,1
5548,0
5550,1
5553,0
5555,1
5558,0
5562,1
5563,1
5564,1
5565,1
5566,0
5569,1
5572,1
5575,0
5578,1
5582,0
5584,1
5586,0
5588,1
5594,1
5596,1
5600,0
5602,1
5607,0
5608,0
5615,1
5617,1
5623,1
5624,0
5625,1
5627,1
5628,0
5632,0
5633,0
5636,0
5637,1
5640,1
5642,1
5643,1
5644,0
5645,1
5647,0
5650,0
5651,1
5656,1
5657,1
5659,1
5661,0
5664,0
5665,1
5666,0
5671,1
5674,0
5675,0
5677,0
5678,0
5683,1
5684,1
5690,0
5693,1
5694,1
5698,0
5701,1
5703,1
5704,0
5709,1
5717,0
5721,0
5725,1
5727,1
5739,1
5741,1
5742,1
5745,1
5746,1
5750,0
5753,0
5754,1
5757,0
5758,0
5763,1
5764,1
5767,1
5770,0
5772,0
5775,0
5776,0
5777,1
5779,0
5782,1
5784,1
5788,1
5789,1
5790,0
5793,1
5794,1
5797,0
5799,0
5800,0
5803,1
5804,1
5814,0
5816,0
5819,0
5822,0
5828,1
5832,1
5836,1
5839,1
5840,0
5842,1
5846,0
5848,1
5849,0
5850,0
5853,1
5856,0
5860,1
5862,0
5864,1
5866,1
5868,1
5870,0
5872,0
5875,1
5877,0
5878,1
5880,1
5881,1
5885,1
5886,0
5891,1
5895,0
5897,1
5911,1
5914,0
5915,0
5925,1
5928,1
5932,1
5936,0
5938,1
5939,1
5942,1
5946,1
5951,1
5956,1
5957,1
5959,1
5960,0
5962,1
5966,1
5969,1
5970,1
5972,0
5974,1
5976,1
5977,1
5983,1
5985,1
5986,1
5987,0
5992,0
5997,0
5998,0
5999,1
6000,1
6001,0
6003,1
6004,0
6006,0
6008,1
6010,0
6011,0
6013,1
6016,1
6020,0
6023,0
6024,0
6029,1
6033,0
6039,1
6040,1
6048,0
6049,1
6053,0
6054,1
6058,1
6061,1
6064,0
6065,0
6068,1
6071,1
6075,1
6079,0
6080,1
6081,0
6084,0
6085,0
6088,1
6089,1
6090,0
6091,1
6094,0
6097,1
6101,1
6102,0
6109,1
6116,0
6120,1
6121,1
6127,1
6129,0
6131,1
6137,1
6139,0
6140,0
6146,0
6147,1
6152,1
6153,0
6154,0
6155,1
6158,0
6161,0
6162,1
6163,1
6166,1
6170,1
6173,1
6176,1
6177,1
6180,1
6181,0
6184,0
6186,1
6187,1
6191,1
6197,1
6198,1
6200,0
6204,1
6205,1
6209,1
6210,0
6213,0
6216,0
6221,1
6223,1
6226,1
6229,0
6233,1
6234,0
6236,0
6241,0
6242,0
6245,1
6247,1
6250,1
6252,1
6253,1
6256,1
6257,1
6258,0
6264,0
6265,1
6269,0
6272,0
6274,1
6275,0
6278,0
6279,1
6281,0
6287,0
6288,1
6289,1
6290,1
6301,0
6303,0
6307,1
6310,1
6314,1
6316,0
6319,1
6321,1
6322,1
6323,1
6325,1
6328,1
6330,1
6331,1
6340,1
6341,1
6342,0
6343,1
6347,0
6350,1
6352,1
6353,1
6354,1
6358,1
6359,1
6360,1
6367,0
6369,1
6370,0
6371,0
6372,1
6373,1
6378,0
6384,0
6385,0
6387,0
6391,0
6397,0
6399,0
6400,0
6402,0
6403,0
6404,1
6408,0
6416,0
6417,0
6419,0
6420,1
6421,1
6428,1
6431,1
6432,0
6434,1
6435,1
6438,1
6443,1
6444,1
6446,0
6450,0
6452,1
6457,1
6458,1
6460,1
6462,0
6466,0
6467,1
6475,0
6479,1
6480,1
6484,0
6487,0
6493,1
6494,0
6495,1
6496,0
6501,0
6505,1
6506,1
6512,1
6515,1
6516,0
6517,0
6523,1
6525,0
6529,1
6530,1
6531,0
6532,0
6536,0
6538,0
6541,1
6546,1
6547,1
6548,1
6563,0
6565,0
6567,1
6573,1
6575,0
6577,1
6580,1
6582,0
6589,1
6592,1
6595,0
6597,1
6600,0
6608,0
6609,0
6610,1
6615,1
6617,1
6618,0
6619,0
6622,0
6623,0
6625,0
6626,0
6629,0
6630,1
6632,1
6634,0
6637,0
6639,1
6642,1
6644,0
6645,0
6646,0
6647,0
6648,0
6649,1
6650,1
6655,0
6657,1
6666,1
6668,1
6672,0
6676,0
6678,1
6679,1
6680,0
6682,1
6686,1
6687,0
6690,1
6691,1
6694,1
6695,1
6700,1
6704,1
6708,0
6709,1
6710,0
6718,0
6720,0
6723,0
6724,1
6729,0
6730,1
6733,0
6740,0
6741,1
6748,1
6754,0
6760,1
6770,1
6774,0
6780,0
6784,0
6785,1
6786,0
6790,0
6791,1
6797,1
6799,1
6801,1
6802,0
6803,1
6805,0
6810,1
6815,0
6818,0
6819,1
6823,1
6837,0
6840,1
6848,0
6849,0
6855,1
6857,0
6858,0
6859,0
6860,0
6862,0
6866,1
6868,1
6870,1
6877,1
6878,1
6884,1
6885,1
6889,1
6892,1
6894,0
6895,0
6899,0
6900,1
6903,1
6911,0
6916,1
6920,0
6922,1
6923,0
6925,0
6927,0
6928,0
6931,1
6932,0
6940,0
6943,0
6946,1
6948,1
6950,0
6954,1
6957,1
6958,0
6962,1
6964,1
6969,0
6971,0
6974,1
6976,1
6978,1
6987,1
6988,0
6989,1
6994,1
6995,1
6999,0
7002,0
7006,0
7008,0
7010,1
7014,0
7016,1
7020,0
7022,0
7026,0
7032,0
7033,1
7037,0
7039,0
7040,0
7041,0
7044,1
7046,1
7048,1
7053,0
7057,1
7058,1
7060,1
7062,1
7067,0
7068,0
7071,0
7072,1
7077,1
7082,0
7084,1
7086,0
7087,0
7089,1
7092,1
7095,0
7096,1
7097,1
7104,1
7105,1
7107,0
7110,1
7114,1
7120,1
7121,0
7126,0
7128,1
7129,1
7136,1
7137,1
7144,1
7153,0
7159,0
7167,0
7172,0
7174,1
7177,1
7178,0
7180,1
7182,0
7183,1
7191,1
7193,0
7194,0
7195,0
7196,1
7201,1
7202,1
7203,1
7204,0
7205,1
7206,1
7207,1
7208,0
7213,1
7214,0
7220,1
7228,1
7235,1
7243,0
7252,1
7253,1
7261,1
7263,1
7265,1
7276,1
7281,1
7283,0
7285,0
7286,1
7289,1
7295,0
7296,1
7301,1
7304,1
7305,1
7307,0
7308,0
7310,1
7311,0
7315,0
7317,0
7324,0
7327,0
7333,1
7339,0
7347,1
7349,1
7355,1
7357,0
7358,0
7360,1
7361,0
7363,0
7365,1
7366,1
7367,1
7369,1
7373,1
7376,1
7379,1
7382,1
7383,1
7384,0
7391,0
7392,0
7396,1
7400,1
7402,1
7404,1
7408,0
7409,1
7410,0
7418,1
7421,1
7425,0
7426,1
7427,1
7428,1
7429,0
7432,1
7447,0
7454,1
7462,1
7463,1
7465,0
7468,1
7470,1
7473,1
7476,1
7483,1
7484,0
7488,0
7491,1
7494,1
7497,0
7498,0
7506,1
7507,1
7510,0
7511,0
7517,1
7520,1
7529,0
7531,1
7532,1
7534,1
7535,1
7537,0
7542,1
7545,0
7552,0
7554,0
7555,0
7557,1
7558,1
7567,0
7570,1
7573,0
7578,0
7579,0
7580,1
7583,0
7585,0
7586,1
7589,0
7592,0
7594,1
7596,1
7597,1
7600,1
7602,0
7603,0
7607,1
7612,0
7614,1
7615,1
7616,0
7617,1
7619,0
7622,0
7623,1
7626,1
7628,0
7629,1
7634,1
7635,1
7638,1
7640,0
7641,0
7646,0
7653,0
7656,1
7657,0
7661,1
7662,1
7664,1
7665,0
7666,0
7667,1
7671,1
7672,1
7674,1
7676,1
7677,0
7687,1
7690,1
7691,0
7692,1
7695,1
7696,1
7699,1
7701,1
7704,1
7708,1
7709,1
7711,1
7716,0
7717,1
7720,0
7721,1
7723,1
7727,0
7732,1
7736,1
7740,1
7741,1
7747,1
7748,1
7752,0
7755,1
7756,0
7757,1
7761,1
7763,1
7765,1
7770,0
7773,0
7775,1
7776,1
7781,0
7782,0
7784,1
7785,0
7791,0
7797,1
7798,0
7799,0
7800,0
7803,0
7809,1
7811,1
7813,0
7816,0
7817,0
7818,1
7819,1
7823,0
7824,1
7829,1
7830,1
7834,1
7837,0
7838,1
7847,1
7848,0
7850,0
7851,1
7852,1
7854,1
7862,1
7874,0
7878,0
7879,0
7880,1
7888,1
7889,1
7893,0
7895,1
7897,1
7898,0
7899,0
7902,1
7903,0
7904,1
7906,1
7907,1
7908,1
7910,0
7913,1
7915,0
7916,1
7917,1
7918,1
7920,1
7921,1
7924,1
7925,0
7926,1
7931,1
7932,1
7935,1
7936,1
7937,1
7939,0
7941,1
7946,1
7948,1
7950,1
7951,1
7953,1
7958,0
7959,1
7965,1
7970,1
7972,1
7978,0
7985,1
7988,0
7991,0
7993,0
7997,1
7998,1
8000,0
8003,0
8004,1
8005,0
8007,1
8008,1
8010,0
8011,0
8023,1
8025,0
8026,1
8027,0
8030,0
8031,1
8035,1
8041,0
8043,0
8044,1
8053,1
8056,0
8060,1
8066,1
8068,1
8070,1
8071,0
8072,1
8074,1
8078,1
8082,1
8085,1
8091,1
8092,0
8094,0
8095,1
8097,0
8099,1
8100,1
8107,1
8108,1
8109,0
8110,1
8112,1
8115,1
8116,1
8117,1
8118,0
8120,1
8124,0
8126,1
8136,0
8138,0
8143,1
8145,0
8153,1
8155,1
8163,1
8167,0
8172,0
8176,1
8177,1
8180,1
8188,0
8189,0
8191,0
8197,1
8202,1
8204,0
8205,1
8209,1
8210,0
8213,0
8214,1
8217,1
8219,1
8225,0
8228,0
8239,0
8241,0
8243,1
8247,1
8249,1
8250,1
8251,0
8253,1
8254,1
8255,0
8257,1
8258,0
8260,1
8262,0
8265,0
8270,0
8271,0
8275,0
8278,0
8279,1
8281,1
8285,0
8289,0
8290,1
8295,1
8296,1
8300,1
8303,1
8309,1
8310,1
8311,0
8312,1
8313,1
8315,1
8316,0
8317,0
8318,1
8319,1
8320,0
8322,0
8327,1
8334,0
8339,1
8341,1
8350,1
8352,1
8360,1
8363,1
8365,1
8367,1
8372,0
8374,0
8375,0
8383,1
8386,0
8393,1
8395,0
8397,1
8402,0
8404,1
8409,1
8411,0
8413,1
8414,1
8416,1
8425,1
8431,1
8435,1
8439,0
8440,1
8441,1
8442,1
8449,0
8451,0
8452,1
8454,1
8456,1
8457,1
8460,1
8463,1
8465,1
8468,0
8469,1
8470,0
8476,0
8482,1
8483,0
8484,0
8486,1
8496,0
8497,1
8500,0
8506,1
8509,1
8517,1
8518,0
8520,1
8526,1
8527,0
8530,0
8531,1
8534,0
8537,0
8540,0
8542,1
8545,0
8548,1
8549,1
8551,1
8554,0
8557,0
8559,0
8561,1
8563,0
8573,1
8576,1
8578,1
8580,1
8582,1
8586,0
8589,1
8594,1
8597,0
8604,1
8606,1
8607,1
8611,1
8615,1
8619,0
8621,1
8623,0
8624,0
8625,1
8626,1
8627,1
8634,1
8637,0
8640,0
8642,1
8644,0
8646,1
8647,0
8648,0
8651,0
8652,1
8654,0
8656,1
8658,1
8662,0
8666,0
8667,1
8672,1
8673,1
8675,0
8679,0
8680,1
8683,1
8687,1
8693,0
8696,0
8706,0
8708,0
8711,1
8712,1
8715,0
8716,1
8718,0
8719,0
8720,0
8722,0
8723,0
8732,1
8733,1
8734,0
8735,1
8737,1
8739,0
8740,0
8742,1
8743,1
8745,0
8749,1
8751,1
8752,1
8759,0
8761,1
8763,1
8766,1
8767,0
8768,0
8770,1
8775,0
8776,1
8787,1
8789,1
8790,0
8796,0
8797,1
8802,1
8808,0
8819,0
8820,1
8824,0
8826,0
8829,0
8830,1
8833,1
8835,0
8836,0
8838,1
8840,1
8842,1
8844,1
8848,0
8849,1
8850,1
8852,1
8853,0
8857,1
8860,0
8861,0
8864,0
8867,0
8874,0
8875,0
8876,1
8877,0
8880,1
8887,0
8890,0
8891,0
8892,1
8902,1
8905,1
8906,0
8911,1
8917,0
8922,1
8923,1
8924,1
8927,1
8931,0
8933,1
8934,1
8946,0
8949,0
8950,1
8953,0
8955,0
8956,0
8957,1
8958,1
8959,1
8968,1
8970,1
8973,0
8976,0
8977,1
8978,0
8980,0
8982,0
8992,1
8995,1
8997,0
8999,0
9008,1
9009,1
9010,0
9012,0
9015,0
9016,1
9017,1
9021,1
9024,0
9025,0
9028,1
9031,1
9032,0
9037,1
9038,0
9045,0
9051,1
9055,0
9058,1
9059,1
9061,1
9062,0
9064,1
9067,1
9069,0
9075,0
9078,1
9082,1
9084,1
9093,1
9095,0
9098,1
9099,1
9100,0
9102,1
9104,1
9106,0
9107,0
9108,1
9110,0
9112,1
9116,1
9119,0
9124,0
9125,1
9126,0
9128,0
9129,1
9131,0
9132,1
9134,0
9140,0
9146,1
9148,1
9152,0
9155,1
9156,1
9157,0
9162,1
9166,0
9167,0
9173,1
9174,0
9176,1
9178,0
9179,0
9180,1
9183,1
9188,0
9190,1
9192,1
9197,1
9200,0
9204,1
9208,0
9210,1
9212,1
9215,0
9219,0
9220,0
9221,1
9222,0
9223,1
9226,0
9227,1
9233,0
9235,0
9236,1
9239,1
9240,1
9243,1
9246,1
9247,0
9251,1
9252,0
9253,0
9257,0
9258,1
9260,0
9271,1
9272,1
9278,1
9280,0
9286,1
9290,0
9292,1
9293,0
9295,0
9296,0
9298,0
9301,1
9303,0
9305,1
9314,0
9315,0
9328,1
9329,1
9331,1
9333,0
9341,0
9343,1
9348,0
9349,0
9353,0
9361,1
9362,1
9364,0
9365,0
9372,0
9374,1
9384,1
9385,1
9391,1
9392,1
9395,0
9396,0
9397,0
9398,1
9404,1
9407,1
9408,1
9409,1
9410,0
9411,0
9413,1
9416,1
9417,0
9421,1
9422,1
9424,0
9425,0
9427,1
9432,1
9435,1
9437,1
9438,0
9441,1
9442,1
9450,0
9456,1
9457,1
9461,0
9470,1
9473,1
9475,1
9476,0
9480,0
9485,1
9487,0
9488,1
9489,1
9490,1
9495,1
9498,1
9499,1
9501,0
9505,1
9507,0
9514,0
9515,1
9516,1
9522,1
9529,0
9531,0
9533,0
9534,1
9537,1
9538,1
9539,0
9540,1
9542,1
9548,1
9550,0
9552,1
9554,0
9557,1
9558,1
9560,1
9561,1
9567,0
9568,0
9571,0
9572,1
9573,1
9574,0
9575,1
9581,0
9583,1
9594,1
9599,1
9600,1
9601,0
9602,0
9605,1
9606,0
9607,1
9608,1
9609,1
9614,1
9615,1
9617,1
9619,0
9621,0
9624,0
9633,1
9636,1
9638,1
9641,1
9645,1
9647,1
9648,1
9650,0
9655,1
9656,1
9658,1
9662,0
9664,0
9666,1
9671,1
9673,1
9675,1
9676,1
9677,0
9678,1
9683,0
9694,1
9695,0
9699,1
9703,1
9705,1
9710,1
9711,1
9713,0
9715,1
9727,1
9728,0
9729,0
9731,1
9732,1
9734,0
9737,1
9740,0
9741,0
9742,0
9745,1
9746,0
9747,1
9752,1
9753,1
9756,0
9760,1
9762,0
9763,1
9764,1
9767,0
9769,1
9770,0
9771,0
9772,0
9775,0
9776,1
9778,0
9782,1
9788,1
9793,1
9795,1
9796,1
9797,0
9798,1
9799,1
9802,1
9803,1
9804,1
9807,1
9811,0
9813,1
9816,0
9817,1
9818,1
9820,1
9821,0
9824,1
9825,1
9827,0
9829,1
9831,0
9832,1
9833,0
9836,1
9840,1
9842,1
9846,1
9847,1
9848,1
9849,1
9851,1
9854,1
9856,0
9858,0
9859,1
9863,1
9866,1
9867,1
9868,1
9869,0
9871,1
9873,1
9874,1
9875,1
9877,1
9878,1
9881,1
9888,0
9891,1
9895,0
9897,0
9903,1
9905,1
9907,1
9910,1
9911,1
9912,1
9913,1
9914,1
9916,1
9922,1
9923,1
9929,1
9930,0
9938,0
9940,0
9941,1
9942,1
9944,0
9951,1
9954,0
9958,0
9960,1
9969,0
9973,1
9974,0
9977,1
9979,1
9981,1
9988,0
9989,1
9996,0
9997,0
10000,0
